{"stat.walkOneCm":231790,"achievement.openInventory":35,"stat.leaveGame":17,"stat.damageTaken":545,"stat.mineBlock.5":5,"achievement.cfm_install":17,"stat.useItem.54":1,"stat.flyOneCm":322159,"stat.deaths":2,"stat.useItem.12":1,"tconstruct.beginner":1,"stat.drop":35,"stat.jump":367,"stat.swimOneCm":18731,"stat.playOneMinute":95922,"stat.fallOneCm":4409,"stat.climbOneCm":4275,"stat.useItem.5":5,"stat.entityKilledBy.Skeleton":1,"stat.useItem.3":57,"achievement.exploreAllBiomes":{"value":0,"progress":["Meadow","Beach","Stone Beach","Magical Forest","Extreme Hills+","River","Ocean","Shrubland","Plains","Extreme Hills","Deep Ocean"]},"achievement.hee.3548":1,"stat.mineBlock.54":1,"stat.diveOneCm":23767}